Size,,Group,Population,Shape,Colour,Filling,Pattern,,
10,,AFRICAN,AFR__Gambia_GWD_Gambian,circle_cross,#fc8a6a,#b0614a,AFR (Reds),,
10,,AFRICAN,AFR__Guinea_Mandenka,square_x,#fb7d5d,#b05841,AMR (Oranges),,
10,,AFRICAN,AFR__SierraLeone_MSL_Mende,triangle_dot,#fb7151,#b04f39,MID (Pink/Magenta),,
10,,AFRICAN,AFR__Nigeria_ESN_Esan,circle_x,#fa6547,#af4731,CSA (Greens),,
10,,AFRICAN,AFR__Nigeria_YRI_Yoruba,diamond,#f6563d,#ac3c2b,EAS (Blues),,
10,,AFRICAN,AFR__Nigeria_Yoruba,triangle_dot,#f24734,#aa3224,EUR (Purples),,
10,,AFRICAN,AFR__Kenya_LWK_Luhya,square_cross,#ed392b,#a6281e,OCE (Grays),,
10,,AFRICAN,AFR__Kenya_BantuKenya,hex_dot,#e22e27,#9e201b,,,
10,,AFRICAN,AFR__SouthAfrica_BantuSA,cross,#d72322,#961918,,,
10,,AFRICAN,AFR__CAR_Biaka,hex_dot,#cb181d,#8e1114,,,
10,,AFRICAN,AFR__DRC_Mbuti,square_dot,#c1161b,#870f13,,,
10,,AFRICAN,AFR__Namibia_San,triangle_dot,#b51318,#7e0d11,,,
10,,AFRICAN,AFR__USA_ASW_Afr-American,square_x,#a91016,#760b0f,,,
10,,AFRICAN,AFR__Barbados_ACB_Afr-Caribbean,square,#980c13,#6a080d,,,
10,,AMERICAN,AMR__Mexico_MXL_Mexican,square_x,#fda762,#b17544,,,
10,,AMERICAN,AMR__USA_PUR_Puerto-Rican,star,#fd974a,#b16a34,,,
10,,AMERICAN,AMR__Colombia_CLM_Colombian,triangle,#fb8634,#af5e24,,,
10,,AMERICAN,AMR__Colombia_Colombian,diamond_dot,#f5741f,#ab5116,,,
10,,AMERICAN,AMR__Mexico_Maya,square_cross,#ec620f,#a5450b,,,
10,,AMERICAN,AMR__Mexico_Pima,diamond,#e05206,#9d3904,,,
10,,AMERICAN,AMR__Peru_PEL_Peruvian,diamond_dot,#ce4401,#903001,,,
10,,AMERICAN,AMR__Brazil_Karitiana,triangle,#b53b02,#7e2902,,,
10,,AMERICAN,AMR__Brazil_Surui,hex_dot,#9e3303,#6e2402,,,
10,,MIDDLE EASTERN,MID__Algeria_Mozabite,circle_cross,#f196c8,#a8698c,,,
10,,MIDDLE EASTERN,MID__Israel_Bedouin,x,#e66ba7,#a14b75,,,
10,,MIDDLE EASTERN,MID__Israel_Druze,circle_dot,#d33c81,#932a5a,,,
10,,MIDDLE EASTERN,MID__Israel_Palestinian,circle,#ae1c5e,#7a1342,,,
10,,CENTRAL SOUTH ASIAN,CSA__Afghanistan_Hazara,asterisk,#98d594,#6a9567,,,
10,,CENTRAL SOUTH ASIAN,CSA__Bangladesh_BEB_Bengali,x,#88ce87,#60905e,,,
10,,CENTRAL SOUTH ASIAN,CSA__Pakistan_Balochi,inverted_triangle,#7ac77b,#568b56,,,
10,,CENTRAL SOUTH ASIAN,CSA__Pakistan_Brahui,square_pin,#6abf71,#4a864f,,,
10,,CENTRAL SOUTH ASIAN,CSA__Pakistan_Burusho,square,#58b668,#3e8049,,,
10,,CENTRAL SOUTH ASIAN,CSA__Pakistan_Kalash,x,#48ae60,#327a44,,,
10,,CENTRAL SOUTH ASIAN,CSA__Pakistan_Makrani,square_pin,#3ba458,#29733e,,,
10,,CENTRAL SOUTH ASIAN,CSA__Pakistan_Pathan,square,#309950,#226b38,,,
10,,CENTRAL SOUTH ASIAN,CSA__Pakistan_PJL_Punjabi,square_cross,#278f48,#1b6433,,,
10,,CENTRAL SOUTH ASIAN,CSA__Pakistan_Sindhi,circle,#1c8540,#135d2d,,,
10,,CENTRAL SOUTH ASIAN,CSA__India_GIH_Gujarati,square_x,#107a37,#0b5627,,,
10,,CENTRAL SOUTH ASIAN,CSA__India_ITU_Telugu,inverted_triangle,#05712f,#034f21,,,
10,,CENTRAL SOUTH ASIAN,CSA__SriLanka_STU_Tamil,square_pin,#006428,#00461c,,,
10,,EAST ASIAN,EAS__China_CDX_Dai,triangle,#94c4df,#67899c,,,
10,,EAST ASIAN,EAS__China_CHB_Han,square_dot,#8abfdd,#61869b,,,
10,,EAST ASIAN,EAS__China_CHS_S-Han,square_x,#81badb,#5a8299,,,
10,,EAST ASIAN,EAS__China_Mongola,diamond,#79b5d9,#547f98,,,
10,,EAST ASIAN,EAS__China_Daur,star,#6fb0d7,#4e7b96,,,
10,,EAST ASIAN,EAS__China_Han,diamond_dot,#66abd4,#487895,,,
10,,EAST ASIAN,EAS__China_Hezhen,x,#5fa6d1,#427492,,,
10,,EAST ASIAN,EAS__China_Lahu,cross,#57a0ce,#3d7090,,,
10,,EAST ASIAN,EAS__China_Miao,x,#519ccc,#386d8f,,,
10,,EAST ASIAN,EAS__China_Naxi,star,#4997c9,#336a8c,,,
10,,EAST ASIAN,EAS__China_Oroqen,hex_dot,#4191c6,#2e668a,,,
10,,EAST ASIAN,EAS__China_She,triangle_dot,#3b8bc2,#296188,,,
10,,EAST ASIAN,EAS__China_Tu,square_pin,#3585bf,#255d86,,,
10,,EAST ASIAN,EAS__China_Tujia,hex_dot,#2f7fbc,#215984,,,
10,,EAST ASIAN,EAS__China_Uygur,diamond_cross,#2a7ab9,#1d5582,,,
10,,EAST ASIAN,EAS__China_Xibo,star,#2373b6,#195180,,,
10,,EAST ASIAN,EAS__China_Yi,plus,#1e6db2,#154c7d,,,
10,,EAST ASIAN,EAS__Cambodia_Cambodian,square_x,#1967ad,#124879,,,
10,,EAST ASIAN,EAS__Myanmar_Dai,plus,#1561a9,#0e4476,,,
10,,EAST ASIAN,EAS__Vietnam_KHV_Kinh,circle,#115ca5,#0c4173,,,
10,,EAST ASIAN,EAS__Japan_Japanese,circle_y,#0c56a0,#083c70,,,
10,,EAST ASIAN,EAS__Japan_JPT_Japanese,circle_y,#08509b,#06386c,,,
10,,EAST ASIAN,EAS__Russia_Yakut,diamond_dot,#084a91,#063466,,,
10,,EUROPEAN,EUR__Russia_Adygei,square_cross,#b6b6d8,#7f7f97,,,
10,,EUROPEAN,EUR__Russia_Russian,square_pin,#acaad1,#787792,,,
10,,EUROPEAN,EUR__Finland_FIN_Finnish,star,#a29fcb,#726f8e,,,
10,,EUROPEAN,EUR__UK_Orcadian,diamond_cross,#9894c5,#6a688a,,,
10,,EUROPEAN,EUR__UK_GBR_British,cross,#8e8ac0,#636187,,,
10,,EUROPEAN,EUR__USA_CEU_Eur-American,square_dot,#8481bc,#5c5a84,,,
10,,EUROPEAN,EUR__France_French,circle_y,#7b74b5,#56517f,,,
10,,EUROPEAN,EUR__France_Basque,cross,#7465ad,#514679,,,
10,,EUROPEAN,EUR__Italy_TSI_Toscani,star,#6d57a6,#4c3d74,,,
10,,EUROPEAN,EUR__Italy_Tuscan,circle_y,#65489f,#47326f,,,
10,,EUROPEAN,EUR__Italy_Italian,circle_cross,#5e3a98,#42286a,,,
10,,EUROPEAN,EUR__Sardinia_Sardinian,plus,#572c92,#3d1f66,,,
10,,EUROPEAN,EUR__Spain_IBS_Iberian,square,#4f1f8b,#381561,,,
10,,OCEANIAN,OCE__Melanesia_Melanesian,circle,#b5b5b5,#7f7f7f,,,
10,,OCEANIAN,OCE__PapuaNG_Papuan-Highlands,triangle,#6c6c6c,#4c4c4c,,,
10,,OCEANIAN,OCE__PapuaNG_Papuan-Sepik,x,#1d1d1d,#141414,,,
